svlId,svlRecId,channelId,brdcstType,nwMask,optionMask,serviceType,channelNumber,serviceName,frequency,brdcstMedium,favorites1Index,favorites2Index,favorites3Index,favorites4Index,tslId,tslRecId,nwlId,nwlRecId,satlId,satlRecId,shortName,bandWidth,nwId,onId,tsId,progId,symRate,mod,pol,satRecId,nwName,barkerMask,sdtServiceType,hbbtvStatus,svcProName,mfType,categoryMask
3,131,262273,2,1057295,1536,1,1,TRT1 HD,11794,3,0,0,0,0,3,343,3,7,3,7,,0,1070,1070,43105,10601,30005,2,2,7,TRT,0,25,0,,0,0
3,129,524417,2,1057295,1536,1,2,TRT BELGESEL HD,11054,3,0,0,0,0,3,294,3,7,3,7,,0,1070,1070,31001,10604,30005,2,2,7,TRT,0,25,0,,0,0
3,133,786561,2,1057295,1536,1,3,NTV HD,12015,3,0,0,0,0,3,298,3,9,3,7,,0,1,1070,40601,10806,27492,2,1,7,Dogus Yayin,0,25,0,,0,0
3,248,2097281,2,1057295,1536,1,8,KRT TV HD,12729,3,0,0,0,0,3,323,3,2,3,7,,0,1070,1070,30401,51638,30000,2,2,7,TURKSAT,0,25,0,,0,0
3,152,2359425,2,1057295,1536,1,9,HABER GLOBAL HD,12685,3,0,0,0,0,3,317,3,2,3,7,,0,1070,1070,31502,51819,27500,2,1,7,TURKSAT,0,25,0,,0,0
3,128,2621569,2,1057295,1536,1,10,TLC HD,12015,3,0,0,0,0,3,298,3,9,3,7,,0,1,1070,40601,10819,27492,2,1,7,Dogus Yayin,0,25,0,,0,0
3,136,2883713,2,1057295,1536,1,11,DMAX HD,12015,3,0,0,0,0,3,298,3,9,3,7,,0,1,1070,40601,10815,27492,2,1,7,Dogus Yayin,0,25,0,,0,0
3,164,3145857,2,1057295,1536,1,12,TEVE2 HD,12246,3,0,0,0,0,3,297,3,1,3,7,,0,66,66,7,1703,27500,2,1,7,DEMIROREN MEDYA,1,25,0,,0,0
3,141,3408001,2,1057295,1536,1,13,STAR TV HD,12015,3,0,0,0,0,3,298,3,9,3,7,,0,1,1070,40601,10805,27492,2,1,7,Dogus Yayin,0,25,0,,0,0
3,172,3670145,2,1057295,1536,1,14,24 HD,12311,3,0,0,0,0,3,305,3,25,3,7,,0,1070,1070,41703,16700,15002,2,2,7,TURK MEDYA,0,1,0,,0,0
3,148,3932289,2,1057295,1536,1,15,360 HD,12311,3,0,0,0,0,3,305,3,25,3,7,,0,1070,1070,41703,16701,15002,2,2,7,TURK MEDYA,0,1,0,,0,0
3,149,4194433,2,1057295,1536,1,16,BLOOMBERGHT HD,12210,3,0,0,0,0,3,296,3,27,3,7,,0,1070,1070,41401,11002,10001,2,1,7,,0,25,0,,0,0
3,145,4456577,2,1057295,1536,1,17,CNN TURK HD,12246,3,0,0,0,0,3,297,3,1,3,7,,0,66,66,7,1702,27500,2,1,7,DEMIROREN MEDYA,1,25,0,,0,0
3,135,4718721,2,1057295,1536,1,18,HALK TV HD,12685,3,0,0,0,0,3,302,3,2,3,7,,0,1070,1070,31702,50835,30005,2,2,7,TURKSAT,0,25,0,,0,0
3,134,4980865,2,1057295,1536,1,19,HABERTURK HD,12210,3,0,0,0,0,3,296,3,27,3,7,,0,1070,1070,41401,11001,10001,2,1,7,,0,25,0,,0,0
3,140,5243009,2,1057295,1536,1,20,TV 4 HD,12311,3,0,0,0,0,3,305,3,25,3,7,,0,1070,1070,41703,16702,15002,2,2,7,TURK MEDYA,0,1,0,,0,0
3,137,5505153,2,1057295,1536,1,21,SHOW HD,12210,3,0,0,0,0,3,296,3,27,3,7,,0,1070,1070,41401,11000,10001,2,1,7,,0,25,0,,0,0
3,143,5767297,2,1057295,1536,1,22,TV8 HD,12357,3,0,0,0,0,3,300,3,12,3,7,,0,0,1070,42005,15300,7101,2,1,7,,0,1,0,,0,0
3,165,6291585,2,1057295,1536,1,24,TVNET HD,12214,3,0,0,0,0,3,349,3,16,3,7,,0,1070,1070,41301,12500,5831,2,2,7,TVNET HD,0,1,0,,0,0
3,158,7864449,2,1057295,1536,1,30,TRT2 HD,11958,3,0,0,0,0,3,342,3,7,3,7,,0,1070,1070,40301,10506,27500,2,2,7,TRT,0,25,0,,0,0
3,288,8913025,2,1057295,1536,1,34,TRT WORLD HD,11054,3,0,0,0,0,3,294,3,7,3,7,,0,1070,1070,31001,10605,30005,2,2,7,TRT,0,25,0,,0,0
3,161,9437313,2,1057295,1536,1,36,TV8 5 HD,12357,3,0,0,0,0,3,300,3,12,3,7,,0,0,1070,42005,15301,7101,2,1,7,,0,1,0,,0,0
3,160,10223745,2,1057295,1536,1,39,TV 52,12685,3,0,0,0,0,3,317,3,2,3,7,,0,1070,1070,31502,51821,27500,2,1,7,TURKSAT,0,1,0,,0,0
3,168,10485889,2,1057295,1536,1,40,ORDU ALTAS TV,12685,3,0,0,0,0,3,317,3,2,3,7,,0,1070,1070,31502,51817,27500,2,1,7,TURKSAT,0,1,0,,0,0
3,146,10748033,2,1057295,1536,1,41,TRT 4K,11767,3,0,0,0,0,3,293,0,0,3,7,,0,0,1070,43104,16300,15002,2,2,7,,0,1,0,,0,0
3,147,11010177,2,1057295,1536,1,42,ATV HD,12054,3,0,0,0,0,3,295,3,3,3,7,,0,1070,1070,40801,10305,27492,2,1,7,{90DDA122-D72A-44F4-8716-F59713,0,1,0,,0,0
3,159,11534465,2,1057295,1536,1,44,TV 100 HD,12729,3,0,0,0,0,3,323,3,2,3,7,,0,1070,1070,30401,51632,30000,2,2,7,TURKSAT,0,25,0,,0,0
3,138,12845185,2,1057295,1536,1,49,KANAL D HD,12246,3,0,0,0,0,3,297,3,1,3,7,,0,66,66,7,1701,27500,2,1,7,DEMIROREN MEDYA,1,25,0,,0,0
3,144,24903809,2,1057295,1536,1,95,TRT HABER HD,11054,3,0,0,0,0,3,294,3,7,3,7,,0,1070,1070,31001,10602,30005,2,2,7,TRT,0,25,0,,0,0
3,166,25428097,2,1057295,1536,1,97,A HABER HD,12054,3,0,0,0,0,3,295,3,3,3,7,,0,1070,1070,40801,10306,27492,2,1,7,{90DDA122-D72A-44F4-8716-F59713,0,1,0,,0,0
3,162,25690241,2,1057295,1536,1,98,ULKE TV HD,12104,3,0,0,0,0,3,301,3,5,3,7,,0,1070,1070,41003,11601,8332,2,1,7,KANAL 7,0,1,0,,0,0
3,167,25952385,2,1057295,1536,1,99,A SPOR HD,12054,3,0,0,0,0,3,295,3,3,3,7,,0,1070,1070,40801,10307,27492,2,1,7,{90DDA122-D72A-44F4-8716-F59713,0,1,0,,0,0
3,150,27000961,2,1057295,1536,1,103,EKOTURK TV,12729,3,0,0,0,0,3,323,0,0,3,7,,0,1070,1070,30401,51641,30000,2,2,7,TURKSAT,0,1,0,,0,0
3,163,27263105,2,1057295,1536,1,104,TRT SPOR HD,11054,3,0,0,0,0,3,294,3,7,3,7,,0,1070,1070,31001,10603,30005,2,2,7,TRT,0,25,0,,0,0
3,187,28049537,2,1057295,9728,1,107,BITLIS TV,12729,3,0,0,0,0,3,323,0,0,3,7,,0,1070,1070,30401,51645,30000,2,2,7,TURKSAT,0,1,0,,0,0
3,188,28311681,2,1059343,9728,1,108,BOOMERANG HD,12188,3,0,0,0,0,3,306,0,0,3,7,,0,66,66,9,1916,27500,2,2,7,,0,25,0,,0,0
3,189,28573825,2,1059343,9728,1,109,BOOMERANG TV HD,12073,3,0,0,0,0,3,324,0,0,3,7,,0,42,42,40901,16539,27492,2,2,7,,0,17,0,,0,0
3,251,28835969,2,1057295,1536,1,110,LUYS TV,12729,3,0,0,0,0,3,323,3,2,3,7,,0,1070,1070,30401,51651,30000,2,2,7,TURKSAT,0,1,0,,0,0
3,169,29884545,2,1057295,1536,1,114,KANAL 7 HD,12104,3,0,0,0,0,3,301,3,5,3,7,,0,1070,1070,41003,11600,8332,2,1,7,KANAL 7,0,1,0,,0,0
3,157,30146689,2,1057295,1536,1,115,TRT TURK HD,11054,3,0,0,0,0,3,294,3,7,3,7,,0,1070,1070,31001,10606,30005,2,2,7,TRT,0,25,0,,0,0
3,179,30670977,2,1057295,9728,1,117,AGI TV,11062,3,0,0,0,0,3,315,0,0,3,7,,0,1071,1070,32203,13702,4820,2,1,7,,0,1,0,,0,0
3,170,39321729,2,1057295,1536,1,150,BEYAZ TV HD,12380,3,0,0,0,0,3,303,3,2,3,7,,0,1070,1070,41902,51201,27492,2,2,7,TURKSAT,0,25,0,,0,0
3,171,43253889,2,1057295,1536,1,165,A PARA HD,11999,3,0,0,0,0,3,304,3,3,3,7,,0,1070,1070,40504,16401,11667,2,2,7,{90DDA122-D72A-44F4-8716-F59713,0,1,0,,0,0
3,174,45875329,2,1057295,1536,1,175,A NEWS HD,11999,3,0,0,0,0,3,304,3,3,3,7,,0,1070,1070,40504,16400,11667,2,2,7,{90DDA122-D72A-44F4-8716-F59713,0,1,0,,0,0
3,176,46399617,2,1057295,1536,1,177,A2 HD,11999,3,0,0,0,0,3,304,3,3,3,7,,0,1070,1070,40504,16402,11667,2,2,7,{90DDA122-D72A-44F4-8716-F59713,0,1,0,,0,0
3,196,46661761,2,1057295,9728,1,178,CEM TV,12729,3,0,0,0,0,3,323,0,0,3,7,,0,1070,1070,30401,51642,30000,2,2,7,TURKSAT,0,1,0,,0,0
3,197,47186049,2,1057295,9728,1,180,CGTN DOCUMENTARY HD,11855,3,0,0,0,0,3,325,0,0,3,7,,0,42,42,43305,16901,30005,2,2,7,,0,17,0,,0,0
3,198,47448193,2,1057295,9728,1,181,CGTN HD,11012,3,0,0,0,0,3,320,0,0,3,7,,0,42,42,30901,17011,30005,2,2,7,,0,17,0,,0,0
3,202,47972481,2,1059343,9728,1,183,EDGE SPORT HD,11880,3,0,0,0,0,3,322,0,0,3,7,,0,1070,1070,43402,15104,20003,2,1,7,,0,25,0,,0,0
3,178,51118209,2,1057295,1536,1,195,ADA TV,12610,3,0,0,0,0,3,314,3,2,3,7,,0,1070,1070,31402,53005,20830,2,1,7,TURKSAT,0,1,0,,0,0
3,182,54788225,2,1057295,1536,1,209,AKSU TV,12265,3,0,0,0,0,3,313,3,18,3,7,,0,1070,1070,41501,14608,27500,2,2,7,GUC TELEKOM,0,1,0,,0,0
3,184,55836801,2,1057295,1536,1,213,BENGï¿½ï¿½ Tï¿½,12685,3,0,0,0,0,3,317,3,2,3,7,,0,1070,1070,31502,51814,27500,2,1,7,TURKSAT,0,25,0,,0,0
3,216,59244673,2,1059343,9728,1,226,HABï¿½ï¿½TAT T,11853,3,0,0,0,0,3,328,0,0,3,7,,0,1070,1070,43401,14805,24996,2,1,7,,0,25,0,,0,0
3,217,59506817,2,1057295,9728,1,227,HABER PGM,10967,3,0,0,0,0,3,336,0,0,3,7,,0,0,65280,0,26,7918,2,2,7,,0,25,0,,0,0
3,186,59768961,2,1057295,1536,1,228,BEYKENT TV,12729,3,0,0,0,0,3,323,0,0,3,7,,0,1070,1070,30401,51639,30000,2,2,7,TURKSAT,0,1,0,,0,0
3,190,62128257,2,1057295,1536,1,237,BRT 1 HD,12610,3,0,0,0,0,3,314,3,2,3,7,,0,1070,1070,31402,53002,20830,2,1,7,TURKSAT,0,25,0,,0,0
3,219,63438977,2,1057295,9728,1,242,IC YAPIMLAR,10967,3,0,0,0,0,3,336,0,0,3,7,,0,0,65280,0,1,7918,2,2,7,,0,25,0,,0,0
3,220,63701121,2,1059343,9728,1,243,ID HD,11789,3,0,0,0,0,3,330,0,0,3,7,,0,1070,1070,43203,16003,20003,2,1,7,,0,25,0,,0,0
3,191,64225409,2,1057295,1536,1,245,BRT 2 HD,12610,3,0,0,0,0,3,314,3,2,3,7,,0,1070,1070,31402,53001,20830,2,1,7,TURKSAT,0,25,0,,0,0
3,192,64487553,2,1057295,1536,1,246,BRT 3,12610,3,0,0,0,0,3,314,3,2,3,7,,0,1070,1070,31402,53000,20830,2,1,7,TURKSAT,0,1,0,,0,0
3,195,65011841,2,1057295,1536,1,248,CAY TV,12685,3,0,0,0,0,3,302,3,2,3,7,,0,1070,1070,31702,50820,30005,2,2,7,TURKSAT,0,1,0,,0,0
3,199,65273985,2,1057295,1536,1,249,CIFTCI TV,12265,3,0,0,0,0,3,313,3,18,3,7,,0,1070,1070,41501,14611,27500,2,2,7,GUC TELEKOM,0,25,0,,0,0
3,201,65536129,2,1057295,1536,1,250,DRT DENIZLI,12729,3,0,0,0,0,3,323,0,0,3,7,,0,1070,1070,30401,51631,30000,2,2,7,TURKSAT,0,1,0,,0,0
3,205,65798273,2,1057295,1536,1,251,ER TV,12265,3,0,0,0,0,3,313,3,18,3,7,,0,1070,1070,41501,14612,27500,2,2,7,GUC TELEKOM,0,1,0,,0,0
3,206,66322561,2,1057295,1536,1,253,ES TV,12265,3,0,0,0,0,3,313,3,18,3,7,,0,1070,1070,41501,14610,27500,2,2,7,GUC TELEKOM,0,1,0,,0,0
3,212,66846849,2,1057295,1536,1,255,GONCA TV,12423,3,0,0,0,0,3,335,3,2,3,7,,0,1070,1070,42101,50110,27500,2,2,7,TURKSAT,0,1,0,,0,0
3,213,67108993,2,1057295,1536,1,256,GRT TV,12685,3,0,0,0,0,3,302,3,2,3,7,,0,1070,1070,31702,50831,30005,2,2,7,TURKSAT,0,1,0,,0,0
3,233,67371137,2,1057295,9728,1,257,KANAL 7,12096,3,0,0,0,0,3,337,3,5,3,7,,0,1070,1070,41002,11500,4801,2,1,7,KANAL 7,0,1,0,,0,0
3,215,67633281,2,1057295,1536,1,258,GUNEYDOGU TV,12685,3,0,0,0,0,3,302,3,2,3,7,,0,1070,1070,31702,50811,30005,2,2,7,TURKSAT,0,1,0,,0,0
3,221,67895425,2,1057295,1536,1,259,K KARDELEN TV,12685,3,0,0,0,0,3,302,3,2,3,7,,0,1070,1070,31702,50834,30005,2,2,7,TURKSAT,0,1,0,,0,0
3,222,71041153,2,1057295,1536,1,271,KANAL 12,12265,3,0,0,0,0,3,313,3,18,3,7,,0,1070,1070,41501,14645,27500,2,2,7,GUC TELEKOM,0,1,0,,0,0
3,223,71303297,2,1057295,1536,1,272,KANAL 15,12265,3,0,0,0,0,3,313,3,18,3,7,,0,1070,1070,41501,14622,27500,2,2,7,GUC TELEKOM,0,1,0,,0,0
3,224,71565441,2,1057295,1536,1,273,KANAL 23,12265,3,0,0,0,0,3,313,3,18,3,7,,0,1070,1070,41501,14621,27500,2,2,7,GUC TELEKOM,0,1,0,,0,0
3,241,72089729,2,1057295,9728,1,275,KARADENIZ TURK TV,11062,3,0,0,0,0,3,315,0,0,3,7,,0,1071,1070,32203,13701,4820,2,1,7,,0,1,0,,0,0
3,225,72876161,2,1057295,1536,1,278,KANAL 26,12265,3,0,0,0,0,3,313,3,18,3,7,,0,1070,1070,41501,14606,27500,2,2,7,GUC TELEKOM,0,1,0,,0,0
3,227,73400449,2,1057295,1536,1,280,KANAL 32,12685,3,0,0,0,0,3,317,3,2,3,7,,0,1070,1070,31502,51806,27500,2,1,7,TURKSAT,0,1,0,,0,0
3,228,74186881,2,1057295,1536,1,283,KANAL 33,12729,3,0,0,0,0,3,323,3,2,3,7,,0,1070,1070,30401,51627,30000,2,2,7,TURKSAT,0,1,0,,0,0
3,230,74711169,2,1057295,1536,1,285,KANAL 58,12265,3,0,0,0,0,3,313,3,18,3,7,,0,1070,1070,41501,14642,27500,2,2,7,GUC TELEKOM,0,1,0,,0,0
3,234,84148353,2,1057295,1536,1,321,KANAL AVRUPA,12729,3,0,0,0,0,3,323,3,2,3,7,,0,1070,1070,30401,51624,30000,2,2,7,TURKSAT,0,1,0,,0,0
3,235,94109825,2,1057295,1536,1,359,KANAL B,11916,3,0,0,0,0,3,332,3,2,3,7,,0,1070,1070,40101,51300,30005,2,2,7,TURKSAT,0,1,0,,0,0
3,237,94371969,2,1057295,1536,1,360,KANAL FIRAT,12265,3,0,0,0,0,3,313,3,18,3,7,,0,1070,1070,41501,14614,27500,2,2,7,GUC TELEKOM,0,1,0,,0,0
3,238,98041985,2,1057295,1536,1,374,KANAL T,12610,3,0,0,0,0,3,314,3,2,3,7,,0,1070,1070,31402,53007,20830,2,1,7,TURKSAT,0,1,0,,0,0
3,239,98304129,2,1057295,1536,1,375,KANAL URFA,12685,3,0,0,0,0,3,302,3,2,3,7,,0,1070,1070,31702,50810,30005,2,2,7,TURKSAT,0,1,0,,0,0
3,240,98566273,2,1057295,1536,1,376,KANAL V,12265,3,0,0,0,0,3,313,3,18,3,7,,0,1070,1070,41501,14601,27500,2,2,7,GUC TELEKOM,0,1,0,,0,0
3,258,99352705,2,1059343,9728,1,379,S SPORT,12188,3,0,0,0,0,3,306,0,0,3,7,,0,66,66,9,1904,27500,2,2,7,,0,25,0,,0,0
3,259,100139137,2,1059343,9728,1,382,S SPORT2,12188,3,0,0,0,0,3,306,0,0,3,7,,0,66,66,9,1902,27500,2,2,7,,0,25,0,,0,0
3,246,100401281,2,1057295,1536,1,383,KOY TV,12685,3,0,0,0,0,3,317,3,2,3,7,,0,1070,1070,31502,51815,27500,2,1,7,TURKSAT,0,1,0,,0,0
3,247,100663425,2,1057295,1536,1,384,KOZA TV,12685,3,0,0,0,0,3,302,3,2,3,7,,0,1070,1070,31702,50833,30005,2,2,7,TURKSAT,0,1,0,,0,0
3,250,103547009,2,1057295,1536,1,395,LINE TV,12685,3,0,0,0,0,3,302,3,2,3,7,,0,1070,1070,31702,50813,30005,2,2,7,TURKSAT,0,1,0,,0,0
3,254,110624897,2,1057295,1536,1,422,ON4 TV,12729,3,0,0,0,0,3,323,3,2,3,7,,0,1070,1070,30401,51634,30000,2,2,7,TURKSAT,0,1,0,,0,0
3,255,111411329,2,1057295,1536,1,425,PAMUKKALETV,12729,3,0,0,0,0,3,323,0,0,3,7,,0,1070,1070,30401,51630,30000,2,2,7,TURKSAT,0,1,0,,0,0
3,256,111673473,2,1057295,1536,1,426,RTR PLANETA,11558,3,0,0,0,0,3,318,3,2,3,7,,0,1070,1070,30601,51010,30005,2,2,7,TURKSAT,0,1,0,,0,0
3,257,113508481,2,1057295,1536,1,433,RUMELï¿½ï¿,12035,3,0,0,0,0,3,310,3,1,3,7,,0,66,66,3,1339,27492,2,2,7,DEMIROREN MEDYA,1,1,0,,0,0
3,260,113770625,2,1057295,1536,1,434,SAT7TURK,12265,3,0,0,0,0,3,313,3,18,3,7,,0,1070,1070,41501,14634,27500,2,2,7,GUC TELEKOM,0,1,0,,0,0
3,264,115343489,2,1057295,1536,1,440,SUN RTV,12265,3,0,0,0,0,3,313,3,18,3,7,,0,1070,1070,41501,14600,27500,2,2,7,GUC TELEKOM,0,1,0,,0,0
3,265,115605633,2,1057295,1536,1,441,T.A.Y TV,12246,3,0,0,0,0,3,297,3,1,3,7,,0,66,66,7,1710,27500,2,1,7,DEMIROREN MEDYA,1,25,0,,0,0
3,266,116392065,2,1057295,1536,1,444,TARIM ORMAN,11527,3,0,0,0,0,3,340,0,0,3,7,,0,0,1,1,6555,2222,2,2,7,,0,1,0,,0,0
3,268,116654209,2,1057295,1536,1,445,TEMPO TV,12265,3,0,0,0,0,3,313,3,18,3,7,,0,1070,1070,41501,14619,27500,2,2,7,GUC TELEKOM,0,1,0,,0,0
3,269,116916353,2,1057295,1536,1,446,TGRT BELGESEL,12229,3,0,0,0,0,3,341,3,14,3,7,,0,65535,1070,41302,12601,8402,2,2,7,TGRT HABER,0,1,0,,0,0
3,270,118227073,2,1057295,9728,1,451,TGRT EU,12229,3,0,0,0,0,3,341,3,14,3,7,,0,65535,1070,41302,12602,8402,2,2,7,TGRT HABER,0,1,0,,0,0
3,271,118751361,2,1057295,9728,1,453,TGRT HABER,12229,3,0,0,0,0,3,341,3,14,3,7,,0,65535,1070,41302,12600,8402,2,2,7,TGRT HABER,0,1,0,,0,0
3,272,119799937,2,1057295,1536,1,457,TGRT HABER HD,12685,3,0,0,0,0,3,317,3,2,3,7,,0,1070,1070,31502,51826,27500,2,1,7,TURKSAT,0,25,0,,0,0
3,273,120062081,2,1057295,1536,1,458,TH TURKHABER,12685,3,0,0,0,0,3,302,3,2,3,7,,0,1070,1070,31702,50823,30005,2,2,7,TURKSAT,0,1,0,,0,0
3,274,120324225,2,1057295,9728,1,459,TINT,12229,3,0,0,0,0,3,341,3,14,3,7,,0,65535,1070,41302,12604,8402,2,2,7,TGRT HABER,0,1,0,,0,0
3,275,123469953,2,1057295,1536,1,471,Tivi6,12265,3,0,0,0,0,3,313,3,18,3,7,,0,1070,1070,41501,14604,27500,2,2,7,GUC TELEKOM,0,1,0,,0,0
3,276,123994241,2,1057295,1536,1,473,TJK tv HD,11180,3,0,0,0,0,3,321,0,0,3,7,,0,42,42,50600,15528,29750,2,1,7,,0,17,0,,0,0
3,277,125567105,2,1057295,1536,1,479,TMB TV,12685,3,0,0,0,0,3,317,3,2,3,7,,0,1070,1070,31502,51801,27500,2,1,7,TURKSAT,0,1,0,,0,0
3,280,126877825,2,1057295,9728,1,484,TRT 3-SPOR,11958,3,0,0,0,0,3,342,3,7,3,7,,0,1070,1070,40301,10503,27500,2,2,7,TRT,0,25,0,,0,0
3,281,127402113,2,1057295,1536,1,486,TRT ARABI HD,11096,3,0,0,0,0,3,307,3,24,3,7,,0,42,42,61,23,30005,2,1,7,TRT,0,25,0,,0,0
3,282,127664257,2,1057295,1536,1,487,TRT AVAZ HD,11096,3,0,0,0,0,3,307,3,24,3,7,,0,42,42,61,21,30005,2,1,7,TRT,0,25,0,,0,0
3,130,128450689,2,1057295,1536,1,490,TRT BELGESEL HD,11794,3,0,0,0,0,3,343,3,7,3,7,,0,1070,1070,43105,10604,30005,2,2,7,TRT,0,25,0,,0,0
3,284,131334273,2,1057295,1536,1,501,TRT KURDI HD,11054,3,0,0,0,0,3,294,3,7,3,7,,0,1070,1070,31001,10609,30005,2,2,7,TRT,0,25,0,,0,0
3,285,131858561,2,1057295,1536,1,503,TRT SPOR HD,11794,3,0,0,0,0,3,343,3,7,3,7,,0,1070,1070,43105,10603,30005,2,2,7,TRT,0,25,0,,0,0
3,286,132382849,2,1057295,1536,1,505,TRT SPOR YILDIZ,11958,3,0,0,0,0,3,342,3,7,3,7,,0,1070,1070,40301,10525,27500,2,2,7,TRT,0,25,0,,0,0
3,290,132644993,2,1057295,1536,1,506,Turkmeneli HD,12009,3,0,0,0,0,3,347,3,17,3,7,,0,65535,65535,1,1,4445,2,2,7,Ericsson,0,1,0,,0,0
3,292,133431425,2,1057295,1536,1,509,TV 2020,12610,3,0,0,0,0,3,314,3,2,3,7,,0,1070,1070,31402,53003,20830,2,1,7,TURKSAT,0,1,0,,0,0
3,294,133693569,2,1057295,1536,1,510,TV 41,12265,3,0,0,0,0,3,313,3,18,3,7,,0,1070,1070,41501,14617,27500,2,2,7,GUC TELEKOM,0,1,0,,0,0
3,295,133955713,2,1057295,1536,1,511,TV DEN,12685,3,0,0,0,0,3,317,3,2,3,7,,0,1070,1070,31502,51823,27500,2,1,7,TURKSAT,0,1,0,,0,0
3,298,134217857,2,1059343,9728,1,512,TV5 MONDE EUROPE HD,11012,3,0,0,0,0,3,320,0,0,3,7,,0,42,42,30901,17009,30005,2,2,7,,0,17,0,,0,0
3,296,135004289,2,1057295,1536,1,515,TV KAYSERI,12685,3,0,0,0,0,3,317,3,2,3,7,,0,1070,1070,31502,51805,27500,2,1,7,TURKSAT,0,1,0,,0,0
3,297,135266433,2,1057295,1536,1,516,TV5,12729,3,0,0,0,0,3,323,3,2,3,7,,0,1070,1070,30401,51633,30000,2,2,7,TURKSAT,0,1,0,,0,0
3,301,136839297,2,1057295,1536,1,522,ULKE TV,12096,3,0,0,0,0,3,337,3,5,3,7,,0,1070,1070,41002,11502,4801,2,1,7,KANAL 7,0,1,0,,0,0
3,303,137363585,2,1059343,8704,1,524,URBAN BEATS,12188,3,0,0,0,0,3,306,0,0,3,7,,0,66,66,9,1964,27500,2,2,7,,0,1,0,,0,0
3,306,139198593,2,1057295,8704,1,531,WATAN TV,12729,3,0,0,0,0,3,323,0,0,3,7,,0,1070,1070,30401,51650,30000,2,2,7,TURKSAT,0,1,0,,0,0
3,310,140509313,2,1059343,8704,1,536,YABAN TV HD,11855,3,0,0,0,0,3,325,0,0,3,7,,0,42,42,43305,16900,30005,2,2,7,,0,17,0,,0,0
3,311,140771457,2,1057295,512,1,537,YENï¿½ï¿½ KOCAELï,12246,3,0,0,0,0,3,297,3,1,3,7,,0,66,66,7,1719,27500,2,1,7,DEMIROREN MEDYA,1,25,0,,0,0
3,312,141033601,2,1057295,512,1,538,YILDIZ EN,12345,3,0,0,0,0,3,333,3,2,3,7,,0,1070,1070,41901,50709,30005,2,2,7,TURKSAT,0,1,0,,0,0
3,314,141557889,2,1057295,512,1,540,ZAROK TV,12685,3,0,0,0,0,3,302,3,2,3,7,,0,1070,1070,31702,50804,30005,2,2,7,TURKSAT,0,1,0,,0,0
3,331,146014337,2,1057295,512,1,557,NOW HD,12329,3,0,0,0,0,3,299,3,22,3,7,,0,1070,1070,42002,12700,6666,2,1,7,TWDC,0,1,0,,0,0
3,333,146538625,2,1057295,512,1,559,BRTV ANADOLU,12265,3,0,0,0,0,3,313,3,18,3,7,,0,1070,1070,41501,14615,27500,2,2,7,GUC TELEKOM,0,1,0,,0,0
3,335,147062913,2,1057295,512,1,561,GRT,12265,3,0,0,0,0,3,313,3,18,3,7,,0,1070,1070,41501,14607,27500,2,2,7,GUC TELEKOM,0,25,0,,0,0
3,336,147325057,2,1057295,512,1,562,MALATYA VUSLAT TV,12265,3,0,0,0,0,3,313,3,18,3,7,,0,1070,1070,41501,14636,27500,2,2,7,GUC TELEKOM,0,1,0,,0,0
3,337,147587201,2,1057295,512,1,563,MERCAN TV,12265,3,0,0,0,0,3,313,3,18,3,7,,0,1070,1070,41501,14613,27500,2,2,7,GUC TELEKOM,0,1,0,,0,0
3,339,148111489,2,1057295,512,1,565,TRAKYA TURK,12265,3,0,0,0,0,3,313,3,18,3,7,,0,1070,1070,41501,14638,27500,2,2,7,GUC TELEKOM,0,1,0,,0,0
3,341,148635777,2,1057295,512,1,567,TV A,12265,3,0,0,0,0,3,313,3,18,3,7,,0,1070,1070,41501,14641,27500,2,2,7,GUC TELEKOM,0,1,0,,0,0
3,343,149160065,2,1057295,512,1,569,ýýKRA  TV,12265,3,0,0,0,0,3,313,3,18,3,7,,0,1070,1070,41501,14640,27500,2,2,7,GUC TELEKOM,0,1,0,,0,0
3,359,153354369,2,1057295,512,1,585,TRT MUZIK HD,11054,3,0,0,0,0,3,294,3,7,3,7,,0,1070,1070,31001,10608,30005,2,2,7,TRT,0,25,0,,0,0
3,362,154140801,2,1057295,512,1,588,DRT DENIZLI TV,12729,3,0,0,0,0,3,323,3,2,3,7,,0,1070,1070,30401,51631,30000,2,2,7,TURKSAT,0,1,0,,0,0
3,365,154927233,2,1057295,512,1,591,NR1 TURK TV,12729,3,0,0,0,0,3,323,3,2,3,7,,0,1070,1070,30401,51629,30000,2,2,7,TURKSAT,0,1,0,,0,0
3,380,158859393,2,1057295,512,1,606,PERSIANA TURKIYE,11012,3,0,0,0,0,3,327,3,2,3,7,,0,1070,1070,32107,52304,30005,2,1,7,TURKSAT,0,1,0,,0,0
3,381,159121537,2,1057295,512,1,607,SAUDI SUNNAH,11012,3,0,0,0,0,3,327,3,2,3,7,,0,1070,1070,32107,52340,30005,2,1,7,TURKSAT,0,1,0,,0,0
3,384,159907969,2,1057295,512,1,610,DOST TV,12685,3,0,0,0,0,3,302,3,2,3,7,,0,1070,1070,31702,50822,30005,2,2,7,TURKSAT,0,1,0,,0,0
3,386,160432257,2,1057295,512,1,612,FLASH HABER HD,12685,3,0,0,0,0,3,302,3,2,3,7,,0,1070,1070,31702,50801,30005,2,2,7,TURKSAT,0,25,0,,0,0
3,387,160694401,2,1057295,512,1,613,FM TV,12685,3,0,0,0,0,3,302,3,2,3,7,,0,1070,1070,31702,50826,30005,2,2,7,TURKSAT,0,1,0,,0,0
3,388,160956545,2,1057295,512,1,614,HRT TV,12685,3,0,0,0,0,3,302,3,2,3,7,,0,1070,1070,31702,50829,30005,2,2,7,TURKSAT,0,1,0,,0,0
3,389,161218689,2,1057295,512,1,615,KADIRGA TV,12685,3,0,0,0,0,3,302,3,2,3,7,,0,1070,1070,31702,50800,30005,2,2,7,TURKSAT,0,1,0,,0,0
3,392,162005121,2,1057295,512,1,618,MELTEM TV,12685,3,0,0,0,0,3,302,3,2,3,7,,0,1070,1070,31702,50807,30005,2,2,7,TURKSAT,0,1,0,,0,0
3,393,162267265,2,1057295,512,1,619,REHBER TV,12685,3,0,0,0,0,3,302,3,2,3,7,,0,1070,1070,31702,50818,30005,2,2,7,TURKSAT,0,1,0,,0,0
3,396,163053697,2,1057295,512,1,622,ULUSAL 1 TV,12685,3,0,0,0,0,3,302,3,2,3,7,,0,1070,1070,31702,50832,30005,2,2,7,TURKSAT,0,1,0,,0,0
3,436,173539457,2,1057295,512,1,662,EKï¿½ï¿½NTï¿½,12035,3,0,0,0,0,3,310,3,1,3,7,,0,66,66,3,1343,27492,2,2,7,DEMIROREN MEDYA,1,1,0,,0,0
3,438,174063745,2,1059343,8704,1,664,PROGRAM 1364,12035,3,0,0,0,0,3,310,3,1,3,7,,0,66,66,3,1364,27492,2,2,7,DEMIROREN MEDYA,1,25,0,,0,0
3,439,174325889,2,1057295,512,1,665,SERHAT TV,12035,3,0,0,0,0,3,310,3,1,3,7,,0,66,66,3,1305,27492,2,2,7,DEMIROREN MEDYA,1,1,0,,0,0
3,440,174588033,2,1057295,512,1,666,SERHAT TV,12035,3,0,0,0,0,3,310,3,1,3,7,,0,66,66,3,1335,27492,2,2,7,DEMIROREN MEDYA,1,1,0,,0,0
3,443,175374465,2,1057295,512,1,669,TELE 1 HD,12035,3,0,0,0,0,3,310,3,1,3,7,,0,66,66,3,1320,27492,2,2,7,DEMIROREN MEDYA,1,25,0,,0,0
3,444,175636609,2,1057295,512,1,670,TV 8 INT,12035,3,0,0,0,0,3,310,3,1,3,7,,0,66,66,3,1318,27492,2,2,7,DEMIROREN MEDYA,1,25,0,,0,0
3,478,184549505,2,1057295,512,1,704,TRT MUZIK HD,11794,3,0,0,0,0,3,343,3,7,3,7,,0,1070,1070,43105,10608,30005,2,2,7,TRT,0,25,0,,0,0
3,481,185335937,2,1057295,512,1,707,FREEDOM,12685,3,0,0,0,0,3,317,3,2,3,7,,0,1070,1070,31502,51810,27500,2,1,7,TURKSAT,0,1,0,,0,0
3,485,186384513,2,1057295,512,1,711,TV264,12685,3,0,0,0,0,3,317,3,2,3,7,,0,1070,1070,31502,51824,27500,2,1,7,TURKSAT,0,1,0,,0,0
3,486,186646657,2,1057295,512,1,712,TV42,12685,3,0,0,0,0,3,317,3,2,3,7,,0,1070,1070,31502,51813,27500,2,1,7,TURKSAT,0,1,0,,0,0
3,495,189005953,2,1057295,512,1,721,LIDER HABER HD,12246,3,0,0,0,0,3,297,3,1,3,7,,0,66,66,7,1707,27500,2,1,7,DEMIROREN MEDYA,1,25,0,,0,0
3,496,189268097,2,1059343,8704,1,722,LOVE NATURE,12246,3,0,0,0,0,3,297,3,1,3,7,,0,66,66,7,1712,27500,2,1,7,DEMIROREN MEDYA,1,25,0,,0,0
3,526,197132417,2,1057295,512,1,752,VAV TV,11999,3,0,0,0,0,3,304,3,3,3,7,,0,1070,1070,40504,16403,11667,2,2,7,{90DDA122-D72A-44F4-8716-F59713,0,1,0,,0,0
3,550,203423873,2,1057295,512,1,776,D anadolu,12035,3,0,0,0,0,3,310,3,1,3,7,,0,66,66,3,1325,27492,2,2,7,DEMIROREN MEDYA,1,1,0,,0,0
3,553,204210305,2,1057295,512,1,779,BIR TV,12685,3,0,0,0,0,3,317,3,2,3,7,,0,1070,1070,31502,51827,27500,2,1,7,TURKSAT,0,1,0,,0,0
3,554,204472449,2,1057295,512,1,780,BFZ ,12729,3,0,0,0,0,3,323,3,2,3,7,,0,1070,1070,30401,51646,30000,2,2,7,TURKSAT,0,1,0,,0,0
3,557,205258881,2,1057295,512,1,783,EGE TV,12685,3,0,0,0,0,3,317,3,2,3,7,,0,1070,1070,31502,51828,27500,2,1,7,TURKSAT,0,1,0,,0,0
3,564,207093889,2,1057295,512,1,790,RUSSIA 24 TV,11558,3,0,0,0,0,3,318,3,2,3,7,,0,1070,1070,30601,51009,30005,2,2,7,TURKSAT,0,1,0,,0,0
3,572,209191041,2,1057295,512,1,798,RUMELï¿½ï¿,12035,3,0,0,0,0,3,310,3,1,3,7,,0,66,66,3,1304,27492,2,2,7,DEMIROREN MEDYA,1,1,0,,0,0
3,573,209453185,2,1057295,512,1,799,CINE 1,12265,3,0,0,0,0,3,313,3,18,3,7,,0,1070,1070,41501,14635,27500,2,2,7,GUC TELEKOM,0,1,0,,0,0
3,608,218628225,2,1057295,512,1,834,MK TV,12265,3,0,0,0,0,3,313,3,18,3,7,,0,1070,1070,41501,14618,27500,2,2,7,GUC TELEKOM,0,1,0,,0,0
3,610,219152513,2,1057295,512,1,836,EDESSA TV,12685,3,0,0,0,0,3,302,3,2,3,7,,0,1070,1070,31702,50809,30005,2,2,7,TURKSAT,0,1,0,,0,0
3,616,220725377,2,1057295,512,1,842,KON TV,12685,3,0,0,0,0,3,317,3,2,3,7,,0,1070,1070,31502,51803,27500,2,1,7,TURKSAT,0,1,0,,0,0
3,617,220987521,2,1057295,512,1,843,TV 1,12685,3,0,0,0,0,3,317,3,2,3,7,,0,1070,1070,31502,51804,27500,2,1,7,TURKSAT,0,1,0,,0,0
3,620,221773953,2,1057295,512,1,846,NR1 TURK TV,12729,3,0,0,0,0,3,323,3,2,3,7,,0,1070,1070,30401,51629,30000,2,2,7,TURKSAT,0,1,0,,0,0
3,625,223084673,2,1057295,512,1,851,PERSIANA TURKIYE,12084,3,0,0,0,0,3,344,3,2,3,7,,0,1070,1070,41005,52006,13746,2,1,7,TURKSAT,0,1,0,,0,0
3,627,223608961,2,1057295,512,1,853,TRT EBA HD,12084,3,0,0,0,0,3,344,3,2,3,7,,0,1070,1070,41005,52002,13746,2,1,7,TURKSAT,0,25,0,,0,0
